"Method","C_index_Mean","C_index_SD","IBS_Mean","IBS_SD","AUC_Mean","AUC_SD","Selected_Mean"
"Lasso (Combined)",0.643609494035486,0.0635191990213716,0.194406470248571,0.0267965183889428,0.665117093725502,0.0773148096748725,36.99
"Lasso (Primary)",0.636044495129544,0.0842856900168524,0.194750162186275,0.036399990263799,0.659196275948454,0.0995850814642311,18.76
"TransCox-Sparse",0.675659436899366,0.0775640725842968,0.179923096494803,0.0214741091861312,0.702666857281024,0.0954365817763948,19.01
