"Method","C_index","AUC_Median","IBS","MSE","F1","MCC","Selected","TPR","FPR"
"Lasso (Primary)",0.916732295389835,0.960262007473001,0.0471993443729403,0.011085823714674,0.412371134020618,0.478430876821411,77,1,0.11875
"Lasso (Combined)",0.645332283273763,0.675377530422517,0.146685983533826,0.0328936849091218,0.350877192982456,0.424222275472531,94,1,0.154166666666667
"TransCox",0.925274126128309,0.96796728123484,NA,0.000907380777847343,0.8,0.807946642902721,30,1,0.0208333333333333
