"Method","C_index","AUC_Median","IBS","MSE","F1","Selected"
"Lasso (Primary)",0.662112561174551,0.71328048229976,0.195303422404095,0.0239283523016583,0.0952380952380952,1
"Lasso (Combined)",0.671798531810767,0.736365937245291,0.184950277244889,0.0192754721629951,0.477611940298507,47
"TransCox-Sparse",0.702130913539967,0.778615472712577,0.181946625987645,0.0183977158192349,0.327272727272727,35
