"Method","C_index","AUC_Median","IBS","MSE","F1","MCC","Selected","TPR","FPR"
"Lasso (Primary)",0.918941739375176,0.966452460003579,0.0747463334355014,0.0128673617938005,0.465116279069767,0.523440444549233,66,1,0.0958333333333333
"Lasso (Combined)",0.706007442849548,0.752277936676997,0.179843520363147,0.032214895121713,0.455696202531646,0.494795607976236,59,0.9,0.0854166666666667
"TransCox",0.930825280670482,0.974704733838236,0.0643652638425261,0.000934992593087782,0.851063829787234,0.854364249957205,27,1,0.0145833333333333
